scheme_code,scheme_name,fund_house,date,nav
MF101,HDFC Large Cap Fund,HDFC Mutual Fund,2024-01-01,45.346
MF101,HDFC Large Cap Fund,HDFC Mutual Fund,2024-01-02,45.261
MF101,HDFC Large Cap Fund,HDFC Mutual Fund,2024-01-03,45.712
MF101,HDFC Large Cap Fund,HDFC Mutual Fund,2024-01-04,46.777
MF101,HDFC Large Cap Fund,HDFC Mutual Fund,2024-01-05,46.623
MF101,HDFC Large Cap Fund,HDFC Mutual Fund,2024-01-08,46.469
MF101,HDFC Large Cap Fund,HDFC Mutual Fund,2024-01-09,47.592
MF101,HDFC Large Cap Fund,HDFC Mutual Fund,2024-01-10,48.153
MF101,HDFC Large Cap Fund,HDFC Mutual Fund,2024-01-11,47.824
MF101,HDFC Large Cap Fund,HDFC Mutual Fund,2024-01-12,48.225
MF101,HDFC Large Cap Fund,HDFC Mutual Fund,2024-01-15,47.9
MF101,HDFC Large Cap Fund,HDFC Mutual Fund,2024-01-16,47.576
MF101,HDFC Large Cap Fund,HDFC Mutual Fund,2024-01-17,47.759
MF101,HDFC Large Cap Fund,HDFC Mutual Fund,2024-01-18,46.417
MF101,HDFC Large Cap Fund,HDFC Mutual Fund,2024-01-19,45.24
MF101,HDFC Large Cap Fund,HDFC Mutual Fund,2024-01-22,44.869
MF101,HDFC Large Cap Fund,HDFC Mutual Fund,2024-01-23,44.202
MF101,HDFC Large Cap Fund,HDFC Mutual Fund,2024-01-24,44.419
MF101,HDFC Large Cap Fund,HDFC Mutual Fund,2024-01-25,43.827
MF101,HDFC Large Cap Fund,HDFC Mutual Fund,2024-01-26,42.917
MF101,HDFC Large Cap Fund,HDFC Mutual Fund,2024-01-29,43.88
MF101,HDFC Large Cap Fund,HDFC Mutual Fund,2024-01-30,43.74
MF101,HDFC Large Cap Fund,HDFC Mutual Fund,2024-01-31,43.793
MF101,HDFC Large Cap Fund,HDFC Mutual Fund,2024-02-01,42.876
MF101,HDFC Large Cap Fund,HDFC Mutual Fund,2024-02-02,42.536
MF101,HDFC Large Cap Fund,HDFC Mutual Fund,2024-02-05,42.615
MF101,HDFC Large Cap Fund,HDFC Mutual Fund,2024-02-06,41.894
MF101,HDFC Large Cap Fund,HDFC Mutual Fund,2024-02-07,42.139
MF101,HDFC Large Cap Fund,HDFC Mutual Fund,2024-02-08,41.77
MF101,HDFC Large Cap Fund,HDFC Mutual Fund,2024-02-09,41.596
MF101,HDFC Large Cap Fund,HDFC Mutual Fund,2024-02-12,41.23
MF101,HDFC Large Cap Fund,HDFC Mutual Fund,2024-02-13,42.4
MF101,HDFC Large Cap Fund,HDFC Mutual Fund,2024-02-14,42.4
MF101,HDFC Large Cap Fund,HDFC Mutual Fund,2024-02-15,41.741
MF101,HDFC Large Cap Fund,HDFC Mutual Fund,2024-02-16,42.268
MF101,HDFC Large Cap Fund,HDFC Mutual Fund,2024-02-19,41.509
MF101,HDFC Large Cap Fund,HDFC Mutual Fund,2024-02-20,41.648
MF101,HDFC Large Cap Fund,HDFC Mutual Fund,2024-02-21,40.449
MF101,HDFC Large Cap Fund,HDFC Mutual Fund,2024-02-22,39.659
MF101,HDFC Large Cap Fund,HDFC Mutual Fund,2024-02-23,39.785
MF101,HDFC Large Cap Fund,HDFC Mutual Fund,2024-02-26,40.236
MF101,HDFC Large Cap Fund,HDFC Mutual Fund,2024-02-27,40.347
MF101,HDFC Large Cap Fund,HDFC Mutual Fund,2024-02-28,40.286
MF101,HDFC Large Cap Fund,HDFC Mutual Fund,2024-02-29,40.112
MF101,HDFC Large Cap Fund,HDFC Mutual Fund,2024-03-01,39.24
MF101,HDFC Large Cap Fund,HDFC Mutual Fund,2024-03-04,38.826
MF101,HDFC Large Cap Fund,HDFC Mutual Fund,2024-03-05,38.567
MF101,HDFC Large Cap Fund,HDFC Mutual Fund,2024-03-06,39.191
MF101,HDFC Large Cap Fund,HDFC Mutual Fund,2024-03-07,39.401
MF101,HDFC Large Cap Fund,HDFC Mutual Fund,2024-03-08,38.381
MF101,HDFC Large Cap Fund,HDFC Mutual Fund,2024-03-11,38.576
MF101,HDFC Large Cap Fund,HDFC Mutual Fund,2024-03-12,38.361
MF101,HDFC Large Cap Fund,HDFC Mutual Fund,2024-03-13,37.981
MF101,HDFC Large Cap Fund,HDFC Mutual Fund,2024-03-14,38.339
MF101,HDFC Large Cap Fund,HDFC Mutual Fund,2024-03-15,38.944
MF101,HDFC Large Cap Fund,HDFC Mutual Fund,2024-03-18,39.5
MF101,HDFC Large Cap Fund,HDFC Mutual Fund,2024-03-19,39.014
MF101,HDFC Large Cap Fund,HDFC Mutual Fund,2024-03-20,38.841
MF101,HDFC Large Cap Fund,HDFC Mutual Fund,2024-03-21,39.042
MF101,HDFC Large Cap Fund,HDFC Mutual Fund,2024-03-22,39.626
MF101,HDFC Large Cap Fund,HDFC Mutual Fund,2024-03-25,39.35
MF101,HDFC Large Cap Fund,HDFC Mutual Fund,2024-03-26,39.248
MF101,HDFC Large Cap Fund,HDFC Mutual Fund,2024-03-27,38.61
MF101,HDFC Large Cap Fund,HDFC Mutual Fund,2024-03-28,37.931
MF101,HDFC Large Cap Fund,HDFC Mutual Fund,2024-03-29,38.404
MF101,HDFC Large Cap Fund,HDFC Mutual Fund,2024-04-01,39.201
MF101,HDFC Large Cap Fund,HDFC Mutual Fund,2024-04-02,39.166
MF101,HDFC Large Cap Fund,HDFC Mutual Fund,2024-04-03,39.768
MF101,HDFC Large Cap Fund,HDFC Mutual Fund,2024-04-04,39.992
MF101,HDFC Large Cap Fund,HDFC Mutual Fund,2024-04-05,39.615
MF101,HDFC Large Cap Fund,HDFC Mutual Fund,2024-04-08,39.839
MF101,HDFC Large Cap Fund,HDFC Mutual Fund,2024-04-09,40.777
MF101,HDFC Large Cap Fund,HDFC Mutual Fund,2024-04-10,40.763
MF101,HDFC Large Cap Fund,HDFC Mutual Fund,2024-04-11,41.739
MF101,HDFC Large Cap Fund,HDFC Mutual Fund,2024-04-12,40.139
MF101,HDFC Large Cap Fund,HDFC Mutual Fund,2024-04-15,40.645
MF101,HDFC Large Cap Fund,HDFC Mutual Fund,2024-04-16,40.706
MF101,HDFC Large Cap Fund,HDFC Mutual Fund,2024-04-17,40.532
MF101,HDFC Large Cap Fund,HDFC Mutual Fund,2024-04-18,40.596
MF101,HDFC Large Cap Fund,HDFC Mutual Fund,2024-04-19,39.411
MF101,HDFC Large Cap Fund,HDFC Mutual Fund,2024-04-22,39.29
MF101,HDFC Large Cap Fund,HDFC Mutual Fund,2024-04-23,39.509
MF101,HDFC Large Cap Fund,HDFC Mutual Fund,2024-04-24,40.402
MF101,HDFC Large Cap Fund,HDFC Mutual Fund,2024-04-25,40.097
MF101,HDFC Large Cap Fund,HDFC Mutual Fund,2024-04-26,39.622
MF101,HDFC Large Cap Fund,HDFC Mutual Fund,2024-04-29,39.333
MF101,HDFC Large Cap Fund,HDFC Mutual Fund,2024-04-30,39.884
MF101,HDFC Large Cap Fund,HDFC Mutual Fund,2024-05-01,40.09
MF101,HDFC Large Cap Fund,HDFC Mutual Fund,2024-05-02,39.78
MF101,HDFC Large Cap Fund,HDFC Mutual Fund,2024-05-03,40.096
MF101,HDFC Large Cap Fund,HDFC Mutual Fund,2024-05-06,40.162
MF101,HDFC Large Cap Fund,HDFC Mutual Fund,2024-05-07,40.758
MF101,HDFC Large Cap Fund,HDFC Mutual Fund,2024-05-08,40.339
MF101,HDFC Large Cap Fund,HDFC Mutual Fund,2024-05-09,40.15
MF101,HDFC Large Cap Fund,HDFC Mutual Fund,2024-05-10,39.922
MF101,HDFC Large Cap Fund,HDFC Mutual Fund,2024-05-13,39.063
MF101,HDFC Large Cap Fund,HDFC Mutual Fund,2024-05-14,39.245
MF101,HDFC Large Cap Fund,HDFC Mutual Fund,2024-05-15,39.407
MF101,HDFC Large Cap Fund,HDFC Mutual Fund,2024-05-16,39.418
MF101,HDFC Large Cap Fund,HDFC Mutual Fund,2024-05-17,39.287
MF101,HDFC Large Cap Fund,HDFC Mutual Fund,2024-05-20,38.469
MF101,HDFC Large Cap Fund,HDFC Mutual Fund,2024-05-21,38.235
MF101,HDFC Large Cap Fund,HDFC Mutual Fund,2024-05-22,38.047
MF101,HDFC Large Cap Fund,HDFC Mutual Fund,2024-05-23,37.599
MF101,HDFC Large Cap Fund,HDFC Mutual Fund,2024-05-24,37.516
MF101,HDFC Large Cap Fund,HDFC Mutual Fund,2024-05-27,37.751
MF101,HDFC Large Cap Fund,HDFC Mutual Fund,2024-05-28,38.842
MF101,HDFC Large Cap Fund,HDFC Mutual Fund,2024-05-29,38.952
MF101,HDFC Large Cap Fund,HDFC Mutual Fund,2024-05-30,39.111
MF101,HDFC Large Cap Fund,HDFC Mutual Fund,2024-05-31,39.075
MF101,HDFC Large Cap Fund,HDFC Mutual Fund,2024-06-03,37.974
MF101,HDFC Large Cap Fund,HDFC Mutual Fund,2024-06-04,37.966
MF101,HDFC Large Cap Fund,HDFC Mutual Fund,2024-06-05,38.008
MF101,HDFC Large Cap Fund,HDFC Mutual Fund,2024-06-06,39.447
MF101,HDFC Large Cap Fund,HDFC Mutual Fund,2024-06-07,39.341
MF101,HDFC Large Cap Fund,HDFC Mutual Fund,2024-06-10,39.527
MF101,HDFC Large Cap Fund,HDFC Mutual Fund,2024-06-11,39.514
MF101,HDFC Large Cap Fund,HDFC Mutual Fund,2024-06-12,38.836
MF101,HDFC Large Cap Fund,HDFC Mutual Fund,2024-06-13,39.515
MF101,HDFC Large Cap Fund,HDFC Mutual Fund,2024-06-14,39.971
MF101,HDFC Large Cap Fund,HDFC Mutual Fund,2024-06-17,40.456
MF101,HDFC Large Cap Fund,HDFC Mutual Fund,2024-06-18,39.916
MF101,HDFC Large Cap Fund,HDFC Mutual Fund,2024-06-19,40.773
MF101,HDFC Large Cap Fund,HDFC Mutual Fund,2024-06-20,39.933
MF101,HDFC Large Cap Fund,HDFC Mutual Fund,2024-06-21,40.294
MF101,HDFC Large Cap Fund,HDFC Mutual Fund,2024-06-24,41.648
MF101,HDFC Large Cap Fund,HDFC Mutual Fund,2024-06-25,41.042
MF101,HDFC Large Cap Fund,HDFC Mutual Fund,2024-06-26,40.703
MF101,HDFC Large Cap Fund,HDFC Mutual Fund,2024-06-27,40.772
MF101,HDFC Large Cap Fund,HDFC Mutual Fund,2024-06-28,40.473
MF101,HDFC Large Cap Fund,HDFC Mutual Fund,2024-07-01,39.551
MF101,HDFC Large Cap Fund,HDFC Mutual Fund,2024-07-02,39.599
MF101,HDFC Large Cap Fund,HDFC Mutual Fund,2024-07-03,38.981
MF101,HDFC Large Cap Fund,HDFC Mutual Fund,2024-07-04,39.267
MF101,HDFC Large Cap Fund,HDFC Mutual Fund,2024-07-05,38.737
MF101,HDFC Large Cap Fund,HDFC Mutual Fund,2024-07-08,39.656
MF101,HDFC Large Cap Fund,HDFC Mutual Fund,2024-07-09,39.201
MF101,HDFC Large Cap Fund,HDFC Mutual Fund,2024-07-10,39.02
MF101,HDFC Large Cap Fund,HDFC Mutual Fund,2024-07-11,39.507
MF101,HDFC Large Cap Fund,HDFC Mutual Fund,2024-07-12,38.792
MF101,HDFC Large Cap Fund,HDFC Mutual Fund,2024-07-15,38.932
MF101,HDFC Large Cap Fund,HDFC Mutual Fund,2024-07-16,39.711
MF101,HDFC Large Cap Fund,HDFC Mutual Fund,2024-07-17,38.772
MF101,HDFC Large Cap Fund,HDFC Mutual Fund,2024-07-18,38.888
MF101,HDFC Large Cap Fund,HDFC Mutual Fund,2024-07-19,39.047
MF101,HDFC Large Cap Fund,HDFC Mutual Fund,2024-07-22,39.516
MF101,HDFC Large Cap Fund,HDFC Mutual Fund,2024-07-23,38.797
MF101,HDFC Large Cap Fund,HDFC Mutual Fund,2024-07-24,38.044
MF101,HDFC Large Cap Fund,HDFC Mutual Fund,2024-07-25,38.351
MF101,HDFC Large Cap Fund,HDFC Mutual Fund,2024-07-26,38.53
MF101,HDFC Large Cap Fund,HDFC Mutual Fund,2024-07-29,38.682
MF101,HDFC Large Cap Fund,HDFC Mutual Fund,2024-07-30,38.892
MF101,HDFC Large Cap Fund,HDFC Mutual Fund,2024-07-31,38.505
MF101,HDFC Large Cap Fund,HDFC Mutual Fund,2024-08-01,38.647
MF101,HDFC Large Cap Fund,HDFC Mutual Fund,2024-08-02,38.825
MF101,HDFC Large Cap Fund,HDFC Mutual Fund,2024-08-05,38.419
MF101,HDFC Large Cap Fund,HDFC Mutual Fund,2024-08-06,39.517
MF101,HDFC Large Cap Fund,HDFC Mutual Fund,2024-08-07,39.807
MF101,HDFC Large Cap Fund,HDFC Mutual Fund,2024-08-08,39.11
MF101,HDFC Large Cap Fund,HDFC Mutual Fund,2024-08-09,39.505
MF101,HDFC Large Cap Fund,HDFC Mutual Fund,2024-08-12,38.939
MF101,HDFC Large Cap Fund,HDFC Mutual Fund,2024-08-13,39.409
MF101,HDFC Large Cap Fund,HDFC Mutual Fund,2024-08-14,40.108
MF101,HDFC Large Cap Fund,HDFC Mutual Fund,2024-08-15,39.626
MF101,HDFC Large Cap Fund,HDFC Mutual Fund,2024-08-16,40.21
MF101,HDFC Large Cap Fund,HDFC Mutual Fund,2024-08-19,40.468
MF101,HDFC Large Cap Fund,HDFC Mutual Fund,2024-08-20,40.978
MF101,HDFC Large Cap Fund,HDFC Mutual Fund,2024-08-21,42.17
MF101,HDFC Large Cap Fund,HDFC Mutual Fund,2024-08-22,42.023
MF101,HDFC Large Cap Fund,HDFC Mutual Fund,2024-08-23,41.559
MF101,HDFC Large Cap Fund,HDFC Mutual Fund,2024-08-26,41.016
MF101,HDFC Large Cap Fund,HDFC Mutual Fund,2024-08-27,40.526
MF101,HDFC Large Cap Fund,HDFC Mutual Fund,2024-08-28,40.487
MF101,HDFC Large Cap Fund,HDFC Mutual Fund,2024-08-29,40.703
MF101,HDFC Large Cap Fund,HDFC Mutual Fund,2024-08-30,40.88
MF101,HDFC Large Cap Fund,HDFC Mutual Fund,2024-09-02,41.399
MF101,HDFC Large Cap Fund,HDFC Mutual Fund,2024-09-03,41.415
MF101,HDFC Large Cap Fund,HDFC Mutual Fund,2024-09-04,42.336
MF101,HDFC Large Cap Fund,HDFC Mutual Fund,2024-09-05,42.177
MF101,HDFC Large Cap Fund,HDFC Mutual Fund,2024-09-06,43.942
MF101,HDFC Large Cap Fund,HDFC Mutual Fund,2024-09-09,44.366
MF101,HDFC Large Cap Fund,HDFC Mutual Fund,2024-09-10,43.808
MF101,HDFC Large Cap Fund,HDFC Mutual Fund,2024-09-11,43.118
MF101,HDFC Large Cap Fund,HDFC Mutual Fund,2024-09-12,43.44
MF101,HDFC Large Cap Fund,HDFC Mutual Fund,2024-09-13,43.303
MF101,HDFC Large Cap Fund,HDFC Mutual Fund,2024-09-16,43.778
MF101,HDFC Large Cap Fund,HDFC Mutual Fund,2024-09-17,44.099
MF101,HDFC Large Cap Fund,HDFC Mutual Fund,2024-09-18,44.06
MF101,HDFC Large Cap Fund,HDFC Mutual Fund,2024-09-19,43.512
MF101,HDFC Large Cap Fund,HDFC Mutual Fund,2024-09-20,42.543
MF101,HDFC Large Cap Fund,HDFC Mutual Fund,2024-09-23,42.268
MF101,HDFC Large Cap Fund,HDFC Mutual Fund,2024-09-24,42.823
MF101,HDFC Large Cap Fund,HDFC Mutual Fund,2024-09-25,42.969
MF101,HDFC Large Cap Fund,HDFC Mutual Fund,2024-09-26,42.182
MF101,HDFC Large Cap Fund,HDFC Mutual Fund,2024-09-27,42.3
MF101,HDFC Large Cap Fund,HDFC Mutual Fund,2024-09-30,42.554
MF101,HDFC Large Cap Fund,HDFC Mutual Fund,2024-10-01,42.002
MF101,HDFC Large Cap Fund,HDFC Mutual Fund,2024-10-02,42.107
MF101,HDFC Large Cap Fund,HDFC Mutual Fund,2024-10-03,42.153
MF101,HDFC Large Cap Fund,HDFC Mutual Fund,2024-10-04,41.444
MF101,HDFC Large Cap Fund,HDFC Mutual Fund,2024-10-07,41.676
MF101,HDFC Large Cap Fund,HDFC Mutual Fund,2024-10-08,42.036
MF101,HDFC Large Cap Fund,HDFC Mutual Fund,2024-10-09,42.733
MF101,HDFC Large Cap Fund,HDFC Mutual Fund,2024-10-10,43.423
MF101,HDFC Large Cap Fund,HDFC Mutual Fund,2024-10-11,42.543
MF101,HDFC Large Cap Fund,HDFC Mutual Fund,2024-10-14,41.957
MF101,HDFC Large Cap Fund,HDFC Mutual Fund,2024-10-15,42.291
MF101,HDFC Large Cap Fund,HDFC Mutual Fund,2024-10-16,42.627
MF101,HDFC Large Cap Fund,HDFC Mutual Fund,2024-10-17,42.966
MF101,HDFC Large Cap Fund,HDFC Mutual Fund,2024-10-18,45.531
MF101,HDFC Large Cap Fund,HDFC Mutual Fund,2024-10-21,45.932
MF101,HDFC Large Cap Fund,HDFC Mutual Fund,2024-10-22,46.73
MF101,HDFC Large Cap Fund,HDFC Mutual Fund,2024-10-23,47.413
MF101,HDFC Large Cap Fund,HDFC Mutual Fund,2024-10-24,47.888
MF101,HDFC Large Cap Fund,HDFC Mutual Fund,2024-10-25,47.672
MF101,HDFC Large Cap Fund,HDFC Mutual Fund,2024-10-28,48.228
MF101,HDFC Large Cap Fund,HDFC Mutual Fund,2024-10-29,47.681
MF101,HDFC Large Cap Fund,HDFC Mutual Fund,2024-10-30,47.522
MF101,HDFC Large Cap Fund,HDFC Mutual Fund,2024-10-31,47.186
MF101,HDFC Large Cap Fund,HDFC Mutual Fund,2024-11-01,47.254
MF101,HDFC Large Cap Fund,HDFC Mutual Fund,2024-11-04,48.933
MF101,HDFC Large Cap Fund,HDFC Mutual Fund,2024-11-05,47.591
MF101,HDFC Large Cap Fund,HDFC Mutual Fund,2024-11-06,48.093
MF101,HDFC Large Cap Fund,HDFC Mutual Fund,2024-11-07,46.953
MF101,HDFC Large Cap Fund,HDFC Mutual Fund,2024-11-08,46.631
MF101,HDFC Large Cap Fund,HDFC Mutual Fund,2024-11-11,47.409
MF101,HDFC Large Cap Fund,HDFC Mutual Fund,2024-11-12,47.464
MF101,HDFC Large Cap Fund,HDFC Mutual Fund,2024-11-13,46.712
MF101,HDFC Large Cap Fund,HDFC Mutual Fund,2024-11-14,46.223
MF101,HDFC Large Cap Fund,HDFC Mutual Fund,2024-11-15,46.706
MF101,HDFC Large Cap Fund,HDFC Mutual Fund,2024-11-18,46.206
MF101,HDFC Large Cap Fund,HDFC Mutual Fund,2024-11-19,46.366
MF101,HDFC Large Cap Fund,HDFC Mutual Fund,2024-11-20,46.407
MF101,HDFC Large Cap Fund,HDFC Mutual Fund,2024-11-21,45.964
MF101,HDFC Large Cap Fund,HDFC Mutual Fund,2024-11-22,47.476
MF101,HDFC Large Cap Fund,HDFC Mutual Fund,2024-11-25,47.939
MF101,HDFC Large Cap Fund,HDFC Mutual Fund,2024-11-26,46.514
MF101,HDFC Large Cap Fund,HDFC Mutual Fund,2024-11-27,46.654
MF101,HDFC Large Cap Fund,HDFC Mutual Fund,2024-11-28,46.202
MF101,HDFC Large Cap Fund,HDFC Mutual Fund,2024-11-29,46.806
MF101,HDFC Large Cap Fund,HDFC Mutual Fund,2024-12-02,46.262
MF101,HDFC Large Cap Fund,HDFC Mutual Fund,2024-12-03,46.192
MF101,HDFC Large Cap Fund,HDFC Mutual Fund,2024-12-04,46.552
MF101,HDFC Large Cap Fund,HDFC Mutual Fund,2024-12-05,47.17
MF101,HDFC Large Cap Fund,HDFC Mutual Fund,2024-12-06,46.338
MF101,HDFC Large Cap Fund,HDFC Mutual Fund,2024-12-09,46.115
MF101,HDFC Large Cap Fund,HDFC Mutual Fund,2024-12-10,45.797
MF101,HDFC Large Cap Fund,HDFC Mutual Fund,2024-12-11,45.36
MF101,HDFC Large Cap Fund,HDFC Mutual Fund,2024-12-12,46.586
MF101,HDFC Large Cap Fund,HDFC Mutual Fund,2024-12-13,46.879
MF101,HDFC Large Cap Fund,HDFC Mutual Fund,2024-12-16,46.01
MF101,HDFC Large Cap Fund,HDFC Mutual Fund,2024-12-17,46.657
MF101,HDFC Large Cap Fund,HDFC Mutual Fund,2024-12-18,48.176
MF101,HDFC Large Cap Fund,HDFC Mutual Fund,2024-12-19,48.938
MF101,HDFC Large Cap Fund,HDFC Mutual Fund,2024-12-20,47.845
MF101,HDFC Large Cap Fund,HDFC Mutual Fund,2024-12-23,47.508
MF101,HDFC Large Cap Fund,HDFC Mutual Fund,2024-12-24,48.429
MF101,HDFC Large Cap Fund,HDFC Mutual Fund,2024-12-25,47.927
MF101,HDFC Large Cap Fund,HDFC Mutual Fund,2024-12-26,48.257
MF101,HDFC Large Cap Fund,HDFC Mutual Fund,2024-12-27,48.831
MF101,HDFC Large Cap Fund,HDFC Mutual Fund,2024-12-30,48.166
MF101,HDFC Large Cap Fund,HDFC Mutual Fund,2024-12-31,48.133
MF101,HDFC Large Cap Fund,HDFC Mutual Fund,2025-01-01,45.858
MF101,HDFC Large Cap Fund,HDFC Mutual Fund,2025-01-02,45.168
MF101,HDFC Large Cap Fund,HDFC Mutual Fund,2025-01-03,45.006
MF101,HDFC Large Cap Fund,HDFC Mutual Fund,2025-01-06,44.18
MF101,HDFC Large Cap Fund,HDFC Mutual Fund,2025-01-07,45.284
MF101,HDFC Large Cap Fund,HDFC Mutual Fund,2025-01-08,44.332
MF101,HDFC Large Cap Fund,HDFC Mutual Fund,2025-01-09,44.049
MF101,HDFC Large Cap Fund,HDFC Mutual Fund,2025-01-10,44.145
MF101,HDFC Large Cap Fund,HDFC Mutual Fund,2025-01-13,45.118
MF101,HDFC Large Cap Fund,HDFC Mutual Fund,2025-01-14,44.166
MF101,HDFC Large Cap Fund,HDFC Mutual Fund,2025-01-15,44.952
MF101,HDFC Large Cap Fund,HDFC Mutual Fund,2025-01-16,44.968
MF101,HDFC Large Cap Fund,HDFC Mutual Fund,2025-01-17,44.32
MF101,HDFC Large Cap Fund,HDFC Mutual Fund,2025-01-20,44.637
MF101,HDFC Large Cap Fund,HDFC Mutual Fund,2025-01-21,44.779
MF101,HDFC Large Cap Fund,HDFC Mutual Fund,2025-01-22,44.387
MF101,HDFC Large Cap Fund,HDFC Mutual Fund,2025-01-23,44.442
MF101,HDFC Large Cap Fund,HDFC Mutual Fund,2025-01-24,44.195
MF101,HDFC Large Cap Fund,HDFC Mutual Fund,2025-01-27,44.279
MF101,HDFC Large Cap Fund,HDFC Mutual Fund,2025-01-28,44.73
MF101,HDFC Large Cap Fund,HDFC Mutual Fund,2025-01-29,45.816
MF101,HDFC Large Cap Fund,HDFC Mutual Fund,2025-01-30,44.982
MF101,HDFC Large Cap Fund,HDFC Mutual Fund,2025-01-31,46.454
MF101,HDFC Large Cap Fund,HDFC Mutual Fund,2025-02-03,45.123
MF101,HDFC Large Cap Fund,HDFC Mutual Fund,2025-02-04,45.029
MF101,HDFC Large Cap Fund,HDFC Mutual Fund,2025-02-05,45.437
MF101,HDFC Large Cap Fund,HDFC Mutual Fund,2025-02-06,45.638
MF101,HDFC Large Cap Fund,HDFC Mutual Fund,2025-02-07,45.223
MF101,HDFC Large Cap Fund,HDFC Mutual Fund,2025-02-10,45.091
MF101,HDFC Large Cap Fund,HDFC Mutual Fund,2025-02-11,44.768
MF101,HDFC Large Cap Fund,HDFC Mutual Fund,2025-02-12,44.383
MF101,HDFC Large Cap Fund,HDFC Mutual Fund,2025-02-13,44.961
MF101,HDFC Large Cap Fund,HDFC Mutual Fund,2025-02-14,45.211
MF101,HDFC Large Cap Fund,HDFC Mutual Fund,2025-02-17,44.753
MF101,HDFC Large Cap Fund,HDFC Mutual Fund,2025-02-18,45.37
MF101,HDFC Large Cap Fund,HDFC Mutual Fund,2025-02-19,45.589
MF101,HDFC Large Cap Fund,HDFC Mutual Fund,2025-02-20,46.157
MF101,HDFC Large Cap Fund,HDFC Mutual Fund,2025-02-21,46.604
MF101,HDFC Large Cap Fund,HDFC Mutual Fund,2025-02-24,46.038
MF101,HDFC Large Cap Fund,HDFC Mutual Fund,2025-02-25,45.662
MF101,HDFC Large Cap Fund,HDFC Mutual Fund,2025-02-26,46.185
MF101,HDFC Large Cap Fund,HDFC Mutual Fund,2025-02-27,46.62
MF101,HDFC Large Cap Fund,HDFC Mutual Fund,2025-02-28,46.614
MF101,HDFC Large Cap Fund,HDFC Mutual Fund,2025-03-03,46.706
MF101,HDFC Large Cap Fund,HDFC Mutual Fund,2025-03-04,47.619
MF101,HDFC Large Cap Fund,HDFC Mutual Fund,2025-03-05,47.208
MF101,HDFC Large Cap Fund,HDFC Mutual Fund,2025-03-06,47.606
MF101,HDFC Large Cap Fund,HDFC Mutual Fund,2025-03-07,47.472
MF101,HDFC Large Cap Fund,HDFC Mutual Fund,2025-03-10,47.326
MF101,HDFC Large Cap Fund,HDFC Mutual Fund,2025-03-11,48.122
MF101,HDFC Large Cap Fund,HDFC Mutual Fund,2025-03-12,48.732
MF101,HDFC Large Cap Fund,HDFC Mutual Fund,2025-03-13,49.34
MF101,HDFC Large Cap Fund,HDFC Mutual Fund,2025-03-14,50.326
MF101,HDFC Large Cap Fund,HDFC Mutual Fund,2025-03-17,50.352
MF101,HDFC Large Cap Fund,HDFC Mutual Fund,2025-03-18,50.879
MF101,HDFC Large Cap Fund,HDFC Mutual Fund,2025-03-19,50.653
MF101,HDFC Large Cap Fund,HDFC Mutual Fund,2025-03-20,50.91
MF101,HDFC Large Cap Fund,HDFC Mutual Fund,2025-03-21,50.821
MF101,HDFC Large Cap Fund,HDFC Mutual Fund,2025-03-24,50.905
MF101,HDFC Large Cap Fund,HDFC Mutual Fund,2025-03-25,51.372
MF101,HDFC Large Cap Fund,HDFC Mutual Fund,2025-03-26,50.756
MF101,HDFC Large Cap Fund,HDFC Mutual Fund,2025-03-27,52.384
MF101,HDFC Large Cap Fund,HDFC Mutual Fund,2025-03-28,51.61
MF101,HDFC Large Cap Fund,HDFC Mutual Fund,2025-03-31,50.689
MF101,HDFC Large Cap Fund,HDFC Mutual Fund,2025-04-01,51.587
MF101,HDFC Large Cap Fund,HDFC Mutual Fund,2025-04-02,52.214
MF101,HDFC Large Cap Fund,HDFC Mutual Fund,2025-04-03,52.716
MF101,HDFC Large Cap Fund,HDFC Mutual Fund,2025-04-04,53.226
MF101,HDFC Large Cap Fund,HDFC Mutual Fund,2025-04-07,53.227
MF101,HDFC Large Cap Fund,HDFC Mutual Fund,2025-04-08,52.525
MF101,HDFC Large Cap Fund,HDFC Mutual Fund,2025-04-09,52.596
MF101,HDFC Large Cap Fund,HDFC Mutual Fund,2025-04-10,52.075
MF101,HDFC Large Cap Fund,HDFC Mutual Fund,2025-04-11,52.853
MF101,HDFC Large Cap Fund,HDFC Mutual Fund,2025-04-14,52.747
MF101,HDFC Large Cap Fund,HDFC Mutual Fund,2025-04-15,52.108
MF101,HDFC Large Cap Fund,HDFC Mutual Fund,2025-04-16,51.868
MF101,HDFC Large Cap Fund,HDFC Mutual Fund,2025-04-17,52.2
MF101,HDFC Large Cap Fund,HDFC Mutual Fund,2025-04-18,51.771
MF101,HDFC Large Cap Fund,HDFC Mutual Fund,2025-04-21,51.147
MF101,HDFC Large Cap Fund,HDFC Mutual Fund,2025-04-22,51.344
MF101,HDFC Large Cap Fund,HDFC Mutual Fund,2025-04-23,51.544
MF101,HDFC Large Cap Fund,HDFC Mutual Fund,2025-04-24,51.164
MF101,HDFC Large Cap Fund,HDFC Mutual Fund,2025-04-25,50.813
MF101,HDFC Large Cap Fund,HDFC Mutual Fund,2025-04-28,51.001
MF101,HDFC Large Cap Fund,HDFC Mutual Fund,2025-04-29,49.915
MF101,HDFC Large Cap Fund,HDFC Mutual Fund,2025-04-30,48.882
MF101,HDFC Large Cap Fund,HDFC Mutual Fund,2025-05-01,48.368
MF101,HDFC Large Cap Fund,HDFC Mutual Fund,2025-05-02,48.223
MF101,HDFC Large Cap Fund,HDFC Mutual Fund,2025-05-05,48.458
MF101,HDFC Large Cap Fund,HDFC Mutual Fund,2025-05-06,49.552
MF101,HDFC Large Cap Fund,HDFC Mutual Fund,2025-05-07,50.204
MF101,HDFC Large Cap Fund,HDFC Mutual Fund,2025-05-08,50.093
MF101,HDFC Large Cap Fund,HDFC Mutual Fund,2025-05-09,50.089
MF101,HDFC Large Cap Fund,HDFC Mutual Fund,2025-05-12,49.351
MF101,HDFC Large Cap Fund,HDFC Mutual Fund,2025-05-13,49.348
MF101,HDFC Large Cap Fund,HDFC Mutual Fund,2025-05-14,49.144
MF101,HDFC Large Cap Fund,HDFC Mutual Fund,2025-05-15,49.393
MF101,HDFC Large Cap Fund,HDFC Mutual Fund,2025-05-16,48.793
MF101,HDFC Large Cap Fund,HDFC Mutual Fund,2025-05-19,49.185
MF101,HDFC Large Cap Fund,HDFC Mutual Fund,2025-05-20,50.339
MF101,HDFC Large Cap Fund,HDFC Mutual Fund,2025-05-21,50.267
MF101,HDFC Large Cap Fund,HDFC Mutual Fund,2025-05-22,50.581
MF101,HDFC Large Cap Fund,HDFC Mutual Fund,2025-05-23,51.117
MF101,HDFC Large Cap Fund,HDFC Mutual Fund,2025-05-26,50.821
MF101,HDFC Large Cap Fund,HDFC Mutual Fund,2025-05-27,51.002
MF101,HDFC Large Cap Fund,HDFC Mutual Fund,2025-05-28,51.022
MF101,HDFC Large Cap Fund,HDFC Mutual Fund,2025-05-29,51.107
MF101,HDFC Large Cap Fund,HDFC Mutual Fund,2025-05-30,50.528
MF101,HDFC Large Cap Fund,HDFC Mutual Fund,2025-06-02,50.556
MF101,HDFC Large Cap Fund,HDFC Mutual Fund,2025-06-03,50.946
MF101,HDFC Large Cap Fund,HDFC Mutual Fund,2025-06-04,52.077
MF101,HDFC Large Cap Fund,HDFC Mutual Fund,2025-06-05,52.842
MF101,HDFC Large Cap Fund,HDFC Mutual Fund,2025-06-06,54.588
MF101,HDFC Large Cap Fund,HDFC Mutual Fund,2025-06-09,53.974
MF101,HDFC Large Cap Fund,HDFC Mutual Fund,2025-06-10,54.696
MF101,HDFC Large Cap Fund,HDFC Mutual Fund,2025-06-11,54.857
MF101,HDFC Large Cap Fund,HDFC Mutual Fund,2025-06-12,56.701
MF101,HDFC Large Cap Fund,HDFC Mutual Fund,2025-06-13,56.028
MF101,HDFC Large Cap Fund,HDFC Mutual Fund,2025-06-16,55.338
MF101,HDFC Large Cap Fund,HDFC Mutual Fund,2025-06-17,54.854
MF101,HDFC Large Cap Fund,HDFC Mutual Fund,2025-06-18,53.145
MF101,HDFC Large Cap Fund,HDFC Mutual Fund,2025-06-19,52.738
MF101,HDFC Large Cap Fund,HDFC Mutual Fund,2025-06-20,52.151
MF101,HDFC Large Cap Fund,HDFC Mutual Fund,2025-06-23,52.279
MF101,HDFC Large Cap Fund,HDFC Mutual Fund,2025-06-24,52.558
MF101,HDFC Large Cap Fund,HDFC Mutual Fund,2025-06-25,54.069
MF101,HDFC Large Cap Fund,HDFC Mutual Fund,2025-06-26,54.857
MF101,HDFC Large Cap Fund,HDFC Mutual Fund,2025-06-27,54.395
MF101,HDFC Large Cap Fund,HDFC Mutual Fund,2025-06-30,53.677
MF101,HDFC Large Cap Fund,HDFC Mutual Fund,2025-07-01,54.086
MF101,HDFC Large Cap Fund,HDFC Mutual Fund,2025-07-02,53.036
MF101,HDFC Large Cap Fund,HDFC Mutual Fund,2025-07-03,54.524
MF101,HDFC Large Cap Fund,HDFC Mutual Fund,2025-07-04,55.508
MF101,HDFC Large Cap Fund,HDFC Mutual Fund,2025-07-07,55.13
MF101,HDFC Large Cap Fund,HDFC Mutual Fund,2025-07-08,53.742
MF101,HDFC Large Cap Fund,HDFC Mutual Fund,2025-07-09,54.856
MF101,HDFC Large Cap Fund,HDFC Mutual Fund,2025-07-10,54.772
MF101,HDFC Large Cap Fund,HDFC Mutual Fund,2025-07-11,55.81
MF101,HDFC Large Cap Fund,HDFC Mutual Fund,2025-07-14,54.502
MF101,HDFC Large Cap Fund,HDFC Mutual Fund,2025-07-15,54.025
MF101,HDFC Large Cap Fund,HDFC Mutual Fund,2025-07-16,54.04
MF101,HDFC Large Cap Fund,HDFC Mutual Fund,2025-07-17,54.089
MF101,HDFC Large Cap Fund,HDFC Mutual Fund,2025-07-18,53.736
MF101,HDFC Large Cap Fund,HDFC Mutual Fund,2025-07-21,54.251
MF101,HDFC Large Cap Fund,HDFC Mutual Fund,2025-07-22,53.4
MF101,HDFC Large Cap Fund,HDFC Mutual Fund,2025-07-23,53.297
MF101,HDFC Large Cap Fund,HDFC Mutual Fund,2025-07-24,53.404
MF101,HDFC Large Cap Fund,HDFC Mutual Fund,2025-07-25,53.828
MF101,HDFC Large Cap Fund,HDFC Mutual Fund,2025-07-28,54.417
MF101,HDFC Large Cap Fund,HDFC Mutual Fund,2025-07-29,53.517
MF101,HDFC Large Cap Fund,HDFC Mutual Fund,2025-07-30,52.31
MF101,HDFC Large Cap Fund,HDFC Mutual Fund,2025-07-31,53.333
MF101,HDFC Large Cap Fund,HDFC Mutual Fund,2025-08-01,53.61
MF101,HDFC Large Cap Fund,HDFC Mutual Fund,2025-08-04,53.022
MF101,HDFC Large Cap Fund,HDFC Mutual Fund,2025-08-05,54.281
MF101,HDFC Large Cap Fund,HDFC Mutual Fund,2025-08-06,54.386
MF101,HDFC Large Cap Fund,HDFC Mutual Fund,2025-08-07,55.368
MF101,HDFC Large Cap Fund,HDFC Mutual Fund,2025-08-08,55.435
MF101,HDFC Large Cap Fund,HDFC Mutual Fund,2025-08-11,57.187
MF101,HDFC Large Cap Fund,HDFC Mutual Fund,2025-08-12,58.724
MF101,HDFC Large Cap Fund,HDFC Mutual Fund,2025-08-13,58.517
MF101,HDFC Large Cap Fund,HDFC Mutual Fund,2025-08-14,59.388
MF101,HDFC Large Cap Fund,HDFC Mutual Fund,2025-08-15,59.978
MF101,HDFC Large Cap Fund,HDFC Mutual Fund,2025-08-18,61.234
MF101,HDFC Large Cap Fund,HDFC Mutual Fund,2025-08-19,60.366
MF101,HDFC Large Cap Fund,HDFC Mutual Fund,2025-08-20,61.003
MF101,HDFC Large Cap Fund,HDFC Mutual Fund,2025-08-21,61.991
MF101,HDFC Large Cap Fund,HDFC Mutual Fund,2025-08-22,60.39
MF101,HDFC Large Cap Fund,HDFC Mutual Fund,2025-08-25,59.339
MF101,HDFC Large Cap Fund,HDFC Mutual Fund,2025-08-26,57.563
MF101,HDFC Large Cap Fund,HDFC Mutual Fund,2025-08-27,57.342
MF101,HDFC Large Cap Fund,HDFC Mutual Fund,2025-08-28,57.974
MF101,HDFC Large Cap Fund,HDFC Mutual Fund,2025-08-29,59.308
MF101,HDFC Large Cap Fund,HDFC Mutual Fund,2025-09-01,59.385
MF101,HDFC Large Cap Fund,HDFC Mutual Fund,2025-09-02,60.866
MF101,HDFC Large Cap Fund,HDFC Mutual Fund,2025-09-03,59.631
MF101,HDFC Large Cap Fund,HDFC Mutual Fund,2025-09-04,58.138
MF101,HDFC Large Cap Fund,HDFC Mutual Fund,2025-09-05,58.101
MF101,HDFC Large Cap Fund,HDFC Mutual Fund,2025-09-08,58.449
MF101,HDFC Large Cap Fund,HDFC Mutual Fund,2025-09-09,58.432
MF101,HDFC Large Cap Fund,HDFC Mutual Fund,2025-09-10,56.659
MF101,HDFC Large Cap Fund,HDFC Mutual Fund,2025-09-11,56.595
MF101,HDFC Large Cap Fund,HDFC Mutual Fund,2025-09-12,55.509
MF101,HDFC Large Cap Fund,HDFC Mutual Fund,2025-09-15,56.081
MF101,HDFC Large Cap Fund,HDFC Mutual Fund,2025-09-16,56.401
MF101,HDFC Large Cap Fund,HDFC Mutual Fund,2025-09-17,55.623
MF101,HDFC Large Cap Fund,HDFC Mutual Fund,2025-09-18,55.207
MF101,HDFC Large Cap Fund,HDFC Mutual Fund,2025-09-19,54.347
MF101,HDFC Large Cap Fund,HDFC Mutual Fund,2025-09-22,54.307
MF101,HDFC Large Cap Fund,HDFC Mutual Fund,2025-09-23,55.102
MF101,HDFC Large Cap Fund,HDFC Mutual Fund,2025-09-24,54.304
MF101,HDFC Large Cap Fund,HDFC Mutual Fund,2025-09-25,54.727
MF101,HDFC Large Cap Fund,HDFC Mutual Fund,2025-09-26,54.304
MF101,HDFC Large Cap Fund,HDFC Mutual Fund,2025-09-29,53.673
MF101,HDFC Large Cap Fund,HDFC Mutual Fund,2025-09-30,53.598
MF101,HDFC Large Cap Fund,HDFC Mutual Fund,2025-10-01,52.782
MF101,HDFC Large Cap Fund,HDFC Mutual Fund,2025-10-02,52.356
MF101,HDFC Large Cap Fund,HDFC Mutual Fund,2025-10-03,51.434
MF101,HDFC Large Cap Fund,HDFC Mutual Fund,2025-10-06,52.983
MF101,HDFC Large Cap Fund,HDFC Mutual Fund,2025-10-07,53.022
MF101,HDFC Large Cap Fund,HDFC Mutual Fund,2025-10-08,52.479
MF101,HDFC Large Cap Fund,HDFC Mutual Fund,2025-10-09,52.658
MF101,HDFC Large Cap Fund,HDFC Mutual Fund,2025-10-10,52.58
MF101,HDFC Large Cap Fund,HDFC Mutual Fund,2025-10-13,52.416
MF101,HDFC Large Cap Fund,HDFC Mutual Fund,2025-10-14,52.912
MF101,HDFC Large Cap Fund,HDFC Mutual Fund,2025-10-15,53.527
MF101,HDFC Large Cap Fund,HDFC Mutual Fund,2025-10-16,53.114
MF101,HDFC Large Cap Fund,HDFC Mutual Fund,2025-10-17,52.667
MF101,HDFC Large Cap Fund,HDFC Mutual Fund,2025-10-20,52.461
MF101,HDFC Large Cap Fund,HDFC Mutual Fund,2025-10-21,50.691
MF101,HDFC Large Cap Fund,HDFC Mutual Fund,2025-10-22,49.562
MF101,HDFC Large Cap Fund,HDFC Mutual Fund,2025-10-23,50.598
MF101,HDFC Large Cap Fund,HDFC Mutual Fund,2025-10-24,51.873
MF101,HDFC Large Cap Fund,HDFC Mutual Fund,2025-10-27,51.69
MF101,HDFC Large Cap Fund,HDFC Mutual Fund,2025-10-28,52.149
MF101,HDFC Large Cap Fund,HDFC Mutual Fund,2025-10-29,52.404
MF101,HDFC Large Cap Fund,HDFC Mutual Fund,2025-10-30,54.891
MF101,HDFC Large Cap Fund,HDFC Mutual Fund,2025-10-31,55.832
MF101,HDFC Large Cap Fund,HDFC Mutual Fund,2025-11-03,55.736
MF101,HDFC Large Cap Fund,HDFC Mutual Fund,2025-11-04,54.954
MF101,HDFC Large Cap Fund,HDFC Mutual Fund,2025-11-05,53.657
MF101,HDFC Large Cap Fund,HDFC Mutual Fund,2025-11-06,53.831
MF101,HDFC Large Cap Fund,HDFC Mutual Fund,2025-11-07,53.235
MF101,HDFC Large Cap Fund,HDFC Mutual Fund,2025-11-10,52.121
MF101,HDFC Large Cap Fund,HDFC Mutual Fund,2025-11-11,51.629
MF101,HDFC Large Cap Fund,HDFC Mutual Fund,2025-11-12,50.808
MF101,HDFC Large Cap Fund,HDFC Mutual Fund,2025-11-13,52.121
MF101,HDFC Large Cap Fund,HDFC Mutual Fund,2025-11-14,52.825
MF101,HDFC Large Cap Fund,HDFC Mutual Fund,2025-11-17,52.829
MF101,HDFC Large Cap Fund,HDFC Mutual Fund,2025-11-18,54.026
MF101,HDFC Large Cap Fund,HDFC Mutual Fund,2025-11-19,54.1
MF101,HDFC Large Cap Fund,HDFC Mutual Fund,2025-11-20,53.416
MF101,HDFC Large Cap Fund,HDFC Mutual Fund,2025-11-21,54.661
MF101,HDFC Large Cap Fund,HDFC Mutual Fund,2025-11-24,55.116
MF101,HDFC Large Cap Fund,HDFC Mutual Fund,2025-11-25,54.276
MF101,HDFC Large Cap Fund,HDFC Mutual Fund,2025-11-26,54.132
MF101,HDFC Large Cap Fund,HDFC Mutual Fund,2025-11-27,53.436
MF101,HDFC Large Cap Fund,HDFC Mutual Fund,2025-11-28,52.35
MF101,HDFC Large Cap Fund,HDFC Mutual Fund,2025-12-01,53.093
MF101,HDFC Large Cap Fund,HDFC Mutual Fund,2025-12-02,54.646
MF101,HDFC Large Cap Fund,HDFC Mutual Fund,2025-12-03,53.523
MF101,HDFC Large Cap Fund,HDFC Mutual Fund,2025-12-04,53.987
MF101,HDFC Large Cap Fund,HDFC Mutual Fund,2025-12-05,53.474
MF101,HDFC Large Cap Fund,HDFC Mutual Fund,2025-12-08,53.095
MF101,HDFC Large Cap Fund,HDFC Mutual Fund,2025-12-09,52.636
MF101,HDFC Large Cap Fund,HDFC Mutual Fund,2025-12-10,51.968
MF101,HDFC Large Cap Fund,HDFC Mutual Fund,2025-12-11,52.017
MF101,HDFC Large Cap Fund,HDFC Mutual Fund,2025-12-12,51.383
MF101,HDFC Large Cap Fund,HDFC Mutual Fund,2025-12-15,51.602
MF101,HDFC Large Cap Fund,HDFC Mutual Fund,2025-12-16,51.573
MF101,HDFC Large Cap Fund,HDFC Mutual Fund,2025-12-17,51.399
MF101,HDFC Large Cap Fund,HDFC Mutual Fund,2025-12-18,50.714
MF101,HDFC Large Cap Fund,HDFC Mutual Fund,2025-12-19,50.287
MF101,HDFC Large Cap Fund,HDFC Mutual Fund,2025-12-22,50.871
MF101,HDFC Large Cap Fund,HDFC Mutual Fund,2025-12-23,51.264
MF101,HDFC Large Cap Fund,HDFC Mutual Fund,2025-12-24,50.528
MF101,HDFC Large Cap Fund,HDFC Mutual Fund,2025-12-25,50.614
MF101,HDFC Large Cap Fund,HDFC Mutual Fund,2025-12-26,51.198
MF101,HDFC Large Cap Fund,HDFC Mutual Fund,2025-12-29,49.942
MF101,HDFC Large Cap Fund,HDFC Mutual Fund,2025-12-30,50.36
MF101,HDFC Large Cap Fund,HDFC Mutual Fund,2025-12-31,49.872
